id,restaurant_name,dish_name,description,ingredients,price_pkr,location,halal,spice_level,allergens,allergen_status,category,protein_g,availability,cuisine,source,source_url,timestamp,search_text
dish_001,Monal Express,Grilled Chicken Breast Bowl,Char-grilled chicken breast served with steamed brown rice and sauteed seasonal vegetables,"chicken breast, brown rice, olive oil, lemon, cumin, black pepper, seasonal vegetables",1150.0,Gulberg,True,Mild,[],KNOWN_NO_ALLERGENS,Chicken,42.0,True,Pakistani,Monal Express Gulberg Menu 2026,https://monal.demo.pk/menu/001,2026-09-28T10:00:00Z,"Monal Express Grilled Chicken Breast Bowl Char-grilled chicken breast served with steamed brown rice and sauteed seasonal vegetables chicken breast, brown rice, olive oil, lemon, cumin, black pepper, seasonal vegetables Chicken Pakistani Mild"
dish_002,Haveli Restaurant,Murgh Makhani Butter Chicken,Tender chicken cooked in a rich creamy tomato gravy with butter and cashew paste,"chicken, butter, dairy cream, tomatoes, cashew paste, fenugreek, ginger, garlic",1450.0,Gulberg,True,Medium,"[""dairy"", ""tree nuts""]",KNOWN_ALLERGENS,Chicken,32.0,True,Pakistani,Haveli Restaurant Menu 2026,https://haveli.demo.pk/menu/002,2026-09-28T10:00:00Z,"Haveli Restaurant Murgh Makhani Butter Chicken Tender chicken cooked in a rich creamy tomato gravy with butter and cashew paste chicken, butter, dairy cream, tomatoes, cashew paste, fenugreek, ginger, garlic Chicken Pakistani Medium"
dish_003,Shinwari Dera,Peshawari Chicken Karahi,Authentic Khyber style wok-cooked chicken with fresh tomatoes green chilies and black pepper,"chicken, fresh tomatoes, ginger, green chilies, black pepper, salt, animal fat",1350.0,Gulberg,True,Spicy,[],KNOWN_NO_ALLERGENS,Chicken,38.0,True,Pakistani,Shinwari Dera Gulberg 2026,https://shinwari.demo.pk/menu/003,2026-09-28T10:00:00Z,"Shinwari Dera Peshawari Chicken Karahi Authentic Khyber style wok-cooked chicken with fresh tomatoes green chilies and black pepper chicken, fresh tomatoes, ginger, green chilies, black pepper, salt, animal fat Chicken Pakistani Spicy"
dish_004,Pan Asian Cloud Kitchen,Chicken Satay Skewers,Flame grilled skewered chicken served with rich spicy peanut dipping sauce,"chicken breast, peanut sauce, roasted peanuts, soy sauce, garlic, sesame oil, chili",1200.0,Gulberg,True,Medium,"[""peanuts"", ""soy""]",KNOWN_ALLERGENS,Chicken,36.0,True,Pan Asian,Pan Asian Kitchen Menu 2026,https://panasian.demo.pk/menu/004,2026-09-28T10:00:00Z,"Pan Asian Cloud Kitchen Chicken Satay Skewers Flame grilled skewered chicken served with rich spicy peanut dipping sauce chicken breast, peanut sauce, roasted peanuts, soy sauce, garlic, sesame oil, chili Chicken Pan Asian Medium"
dish_005,Salt & Pepper Village,Premium Wagyu Beef Steak,Thick cut tender beef steak seared in garlic herb butter with mashed potatoes,"wagyu beef, butter, garlic, rosemary, potatoes, black pepper",3200.0,Gulberg,True,Mild,"[""dairy""]",KNOWN_ALLERGENS,Beef,55.0,True,Continental,Salt & Pepper Menu 2026,https://snp.demo.pk/menu/005,2026-09-28T10:00:00Z,"Salt & Pepper Village Premium Wagyu Beef Steak Thick cut tender beef steak seared in garlic herb butter with mashed potatoes wagyu beef, butter, garlic, rosemary, potatoes, black pepper Beef Continental Mild"
dish_006,Expat Club Bistro,Imported Pork Pepperoni Pizza,Traditional crust topped with Italian pork pepperoni and mozzarella cheese,"wheat dough, pork pepperoni, mozzarella cheese, tomato paste, olive oil, oregano",2400.0,DHA,False,Mild,"[""dairy"", ""gluten""]",KNOWN_ALLERGENS,Fast Food,28.0,True,Italian,Expat Club Menu 2026,https://expatbistro.demo.pk/menu/006,2026-09-28T10:00:00Z,"Expat Club Bistro Imported Pork Pepperoni Pizza Traditional crust topped with Italian pork pepperoni and mozzarella cheese wheat dough, pork pepperoni, mozzarella cheese, tomato paste, olive oil, oregano Fast Food Italian Mild"
dish_007,Karachi Bun Kabab Corner,Street Style Bun Kabab,Pan-fried spiced beef and lentil patty dipped in whipped egg foam in a toasted bun with mint chutney,"wheat bun, beef, split chickpeas, eggs, onions, mint chutney, chaat masala",350.0,Saddar,True,Spicy,"[""eggs"", ""gluten""]",KNOWN_ALLERGENS,Fast Food,14.0,True,Pakistani,Saddar Street Menu 2026,https://bunkabab.demo.pk/menu/007,2026-09-28T10:00:00Z,"Karachi Bun Kabab Corner Street Style Bun Kabab Pan-fried spiced beef and lentil patty dipped in whipped egg foam in a toasted bun with mint chutney wheat bun, beef, split chickpeas, eggs, onions, mint chutney, chaat masala Fast Food Pakistani Spicy"
dish_008,Bundu Khan,Royal Shahi Tukra,Mughlai dessert of crisp ghee-fried bread soaked in cardamom saffron condensed milk with dry fruits,"wheat bread, condensed milk, ghee, sugar, almonds, pistachios, saffron, cardamom",650.0,Gulberg,True,Unknown,"[""dairy"", ""gluten"", ""tree nuts""]",KNOWN_ALLERGENS,Dessert,6.0,True,Pakistani,Bundu Khan Sweets 2026,https://bundukhan.demo.pk/menu/008,2026-09-28T10:00:00Z,"Bundu Khan Royal Shahi Tukra Mughlai dessert of crisp ghee-fried bread soaked in cardamom saffron condensed milk with dry fruits wheat bread, condensed milk, ghee, sugar, almonds, pistachios, saffron, cardamom Dessert Pakistani Unknown"
dish_009,Anarkali Dhaba,Mystery Special Daily Daal,Slow-cooked spiced yellow lentils tempered with red chilies and unverified oil,"yellow lentils, spices, turmeric, unverified oil, garlic, red chilies",400.0,Gulberg,True,Medium,"[""unknown""]",UNKNOWN,Vegetarian,12.0,True,Pakistani,Anarkali Dhaba Daily Board 2026,https://anarkali.demo.pk/menu/009,2026-09-28T10:00:00Z,"Anarkali Dhaba Mystery Special Daily Daal Slow-cooked spiced yellow lentils tempered with red chilies and unverified oil yellow lentils, spices, turmeric, unverified oil, garlic, red chilies Vegetarian Pakistani Medium"
dish_010,Café Zouk,Crispy Golden Prawns,Deep-fried jumbo Arabian sea prawns in seasoned breadcrumb coating served with tartar sauce,"jumbo prawns, wheat breadcrumbs, eggs, garlic powder, tartar sauce, vegetable oil",2100.0,DHA,True,Mild,"[""eggs"", ""gluten"", ""shellfish""]",KNOWN_ALLERGENS,Seafood,30.0,True,Continental,Café Zouk DHA Menu 2026,https://cafezouk.demo.pk/menu/010,2026-09-28T10:00:00Z,"Café Zouk Crispy Golden Prawns Deep-fried jumbo Arabian sea prawns in seasoned breadcrumb coating served with tartar sauce jumbo prawns, wheat breadcrumbs, eggs, garlic powder, tartar sauce, vegetable oil Seafood Continental Mild"
dish_011,Lal Qila,Grilled Jumbo Tiger Prawns,Marinated coastal prawns grilled over charcoal with crushed red pepper lemon and garlic,"tiger prawns, garlic, lemon, chili flakes, olive oil, sea salt",2450.0,Saddar,True,Medium,"[""shellfish""]",KNOWN_ALLERGENS,Seafood,34.0,True,Pakistani,Lal Qila Saddar Menu 2026,https://lalqila.demo.pk/menu/011,2026-09-28T10:00:00Z,"Lal Qila Grilled Jumbo Tiger Prawns Marinated coastal prawns grilled over charcoal with crushed red pepper lemon and garlic tiger prawns, garlic, lemon, chili flakes, olive oil, sea salt Seafood Pakistani Medium"
dish_012,Student Biryani,Traditional Mutton Dum Biryani,Layered aromatic basmati rice and tender mutton cooked with yogurt saffron and traditional biryani masala,"basmati rice, mutton, yogurt, fried onions, whole spices, saffron, ghee",980.0,Saddar,True,Spicy,"[""dairy""]",KNOWN_ALLERGENS,Rice,28.0,True,Pakistani,Student Biryani Saddar 2026,https://studentbiryani.demo.pk/menu/012,2026-09-28T10:00:00Z,"Student Biryani Traditional Mutton Dum Biryani Layered aromatic basmati rice and tender mutton cooked with yogurt saffron and traditional biryani masala basmati rice, mutton, yogurt, fried onions, whole spices, saffron, ghee Rice Pakistani Spicy"
dish_013,Student Biryani,Plain Steamed Basmati Rice,Fluffy steamed long-grain Pakistani basmati rice without additives or dairy,"long-grain basmati rice, water, sea salt, vegetable oil",300.0,Saddar,True,Unknown,[],KNOWN_NO_ALLERGENS,Rice,5.0,True,Pakistani,Student Biryani Saddar 2026,https://studentbiryani.demo.pk/menu/013,2026-09-28T10:00:00Z,"Student Biryani Plain Steamed Basmati Rice Fluffy steamed long-grain Pakistani basmati rice without additives or dairy long-grain basmati rice, water, sea salt, vegetable oil Rice Pakistani Unknown"
dish_014,Bundu Khan,Chicken Tikka Boti,Charcoal-grilled boneless chicken marinated in lemon juice red chili vinegar and crushed garlic,"boneless chicken, lemon juice, red chili, garlic, ginger, vinegar, vegetable oil",850.0,Gulberg,True,Spicy,[],KNOWN_NO_ALLERGENS,BBQ,35.0,True,Pakistani,Bundu Khan Gulberg 2026,https://bundukhan.demo.pk/menu/014,2026-09-28T10:00:00Z,"Bundu Khan Chicken Tikka Boti Charcoal-grilled boneless chicken marinated in lemon juice red chili vinegar and crushed garlic boneless chicken, lemon juice, red chili, garlic, ginger, vinegar, vegetable oil BBQ Pakistani Spicy"
dish_015,Bhaiya Kabab,Seekh Kabab Beef,Tender smoked skewers of minced beef spiced with coriander green chilies and raw papaya,"minced beef, onions, coriander, green chilies, papaya paste, cumin, cloves, vegetable oil",950.0,DHA,True,Medium,[],KNOWN_NO_ALLERGENS,BBQ,32.0,True,Pakistani,Bhaiya Kabab DHA 2026,https://bhaiyakabab.demo.pk/menu/015,2026-09-28T10:00:00Z,"Bhaiya Kabab Seekh Kabab Beef Tender smoked skewers of minced beef spiced with coriander green chilies and raw papaya minced beef, onions, coriander, green chilies, papaya paste, cumin, cloves, vegetable oil BBQ Pakistani Medium"
dish_016,Bundu Khan,Chicken Malai Boti,Melt-in-mouth succulent chicken chunks marinated in thick heavy dairy cream yogurt and white pepper,"chicken thigh cubes, heavy dairy cream, yogurt, white pepper, green cardamoms, garlic",990.0,Gulberg,True,Mild,"[""dairy""]",KNOWN_ALLERGENS,BBQ,34.0,True,Pakistani,Bundu Khan Gulberg 2026,https://bundukhan.demo.pk/menu/016,2026-09-28T10:00:00Z,"Bundu Khan Chicken Malai Boti Melt-in-mouth succulent chicken chunks marinated in thick heavy dairy cream yogurt and white pepper chicken thigh cubes, heavy dairy cream, yogurt, white pepper, green cardamoms, garlic BBQ Pakistani Mild"
dish_017,GymDiet PK,High-Protein Roasted Chicken Quarters,Skinless bone-in roasted chicken leg quarters seasoned purely with lemon sea salt and wild oregano,"skinless chicken leg quarters, lemon, sea salt, oregano, black pepper, olive oil",950.0,Gulberg,True,Mild,[],KNOWN_NO_ALLERGENS,Chicken,46.0,True,Pakistani,GymDiet PK Menu 2026,https://gymdiet.demo.pk/menu/017,2026-09-28T10:00:00Z,"GymDiet PK High-Protein Roasted Chicken Quarters Skinless bone-in roasted chicken leg quarters seasoned purely with lemon sea salt and wild oregano skinless chicken leg quarters, lemon, sea salt, oregano, black pepper, olive oil Chicken Pakistani Mild"
dish_018,Village Dhaba,Traditional Palak Paneer,Creamy spinach gravy simmered with fresh cottage cheese paneer cubes and whole roasted cumin,"fresh spinach, paneer cheese, dairy cream, cumin, garlic, green chilies, butter",890.0,F-7,True,Medium,"[""dairy""]",KNOWN_ALLERGENS,Vegetarian,18.0,True,Pakistani,Village Dhaba F-7 2026,https://villagedhaba.demo.pk/menu/018,2026-09-28T10:00:00Z,"Village Dhaba Traditional Palak Paneer Creamy spinach gravy simmered with fresh cottage cheese paneer cubes and whole roasted cumin fresh spinach, paneer cheese, dairy cream, cumin, garlic, green chilies, butter Vegetarian Pakistani Medium"
dish_019,Village Dhaba,Aloo Palak Vegan,Freshly chopped spinach cooked tenderly with baby potatoes mustard oil cumin and minced garlic,"spinach, potatoes, mustard oil, cumin, garlic, green chilies, turmeric",650.0,F-7,True,Medium,[],KNOWN_NO_ALLERGENS,Vegetarian,7.0,True,Pakistani,Village Dhaba F-7 2026,https://villagedhaba.demo.pk/menu/019,2026-09-28T10:00:00Z,"Village Dhaba Aloo Palak Vegan Freshly chopped spinach cooked tenderly with baby potatoes mustard oil cumin and minced garlic spinach, potatoes, mustard oil, cumin, garlic, green chilies, turmeric Vegetarian Pakistani Medium"
dish_020,K-Bites Wings,Soy Garlic Glazed Wings,Crispy fried chicken wings tossed in an authentic sticky Korean soy sauce garlic and honey glaze,"chicken wings, soy sauce, garlic, honey, sesame seeds, cornstarch, vegetable oil",1100.0,F-7,True,Medium,"[""soy""]",KNOWN_ALLERGENS,Fast Food,26.0,True,Asian,K-Bites Wings F-7 2026,https://kbites.demo.pk/menu/020,2026-09-28T10:00:00Z,"K-Bites Wings Soy Garlic Glazed Wings Crispy fried chicken wings tossed in an authentic sticky Korean soy sauce garlic and honey glaze chicken wings, soy sauce, garlic, honey, sesame seeds, cornstarch, vegetable oil Fast Food Asian Medium"
dish_021,Johnny & Jugnu,Gourmet Smash Beef Burger,Double smashed beef patties with melted cheddar cheese pickles and signature mustard mayo sauce in a brioche bun,"beef chuck, brioche bun, cheddar cheese, eggs, mustard, mayonnaise, pickles",1050.0,Johar Town,True,Medium,"[""dairy"", ""eggs"", ""gluten""]",KNOWN_ALLERGENS,Fast Food,31.0,True,Fast Food,Johnny & Jugnu Menu 2026,https://johnnyjugnu.demo.pk/menu/021,2026-09-28T10:00:00Z,"Johnny & Jugnu Gourmet Smash Beef Burger Double smashed beef patties with melted cheddar cheese pickles and signature mustard mayo sauce in a brioche bun beef chuck, brioche bun, cheddar cheese, eggs, mustard, mayonnaise, pickles Fast Food Fast Food Medium"
dish_022,Johnny & Jugnu,Naked Smash Beef Burger Lettuce Wrap,Double smashed pure beef patties wrapped cleanly in crisp iceberg lettuce with grilled onions and mustard,"100% pure beef chuck patties, iceberg lettuce, grilled onions, tomato slices, yellow mustard",990.0,Johar Town,True,Medium,[],KNOWN_NO_ALLERGENS,Beef,35.0,True,Healthy,Johnny & Jugnu Menu 2026,https://johnnyjugnu.demo.pk/menu/022,2026-09-28T10:00:00Z,"Johnny & Jugnu Naked Smash Beef Burger Lettuce Wrap Double smashed pure beef patties wrapped cleanly in crisp iceberg lettuce with grilled onions and mustard 100% pure beef chuck patties, iceberg lettuce, grilled onions, tomato slices, yellow mustard Beef Healthy Medium"
dish_023,Sultan Turkish Bakers,Nutty Baklava Delight,Crispy layered paper-thin filo pastry layered with crushed pistachios and walnuts drizzled with sugar butter syrup,"filo dough, pistachios, walnuts, butter, sugar syrup, lemon",850.0,DHA,True,Unknown,"[""dairy"", ""gluten"", ""tree nuts""]",KNOWN_ALLERGENS,Dessert,8.0,True,Middle Eastern,Sultan Turkish Bakers 2026,https://sultan.demo.pk/menu/023,2026-09-28T10:00:00Z,"Sultan Turkish Bakers Nutty Baklava Delight Crispy layered paper-thin filo pastry layered with crushed pistachios and walnuts drizzled with sugar butter syrup filo dough, pistachios, walnuts, butter, sugar syrup, lemon Dessert Middle Eastern Unknown"
dish_024,Food Street Canteen,Chana Chaat Street Bowl,Zesty boiled chickpeas mixed with boiled potatoes diced onions tomatoes tamarind pulp and chaat masala,"chickpeas, potatoes, onions, tomatoes, tamarind pulp, green chilies, cumin, chaat masala",350.0,Saddar,True,Spicy,[],KNOWN_NO_ALLERGENS,Vegetarian,11.0,True,Pakistani,Food Street Saddar 2026,https://foodstreet.demo.pk/menu/024,2026-09-28T10:00:00Z,"Food Street Canteen Chana Chaat Street Bowl Zesty boiled chickpeas mixed with boiled potatoes diced onions tomatoes tamarind pulp and chaat masala chickpeas, potatoes, onions, tomatoes, tamarind pulp, green chilies, cumin, chaat masala Vegetarian Pakistani Spicy"
dish_025,Bashir Dar-ul-Mahi,Lahori Fried Fish,Fresh Rahu river fish marinated in carom seed and roasted chickpea batter crisp-fried in mustard oil,"rahu fish, chickpea flour, carom seeds, red chili, garlic, lemon juice, mustard oil",1400.0,Gulberg,True,Spicy,[],KNOWN_NO_ALLERGENS,Seafood,32.0,True,Pakistani,Bashir Dar-ul-Mahi Gulberg 2026,https://bashirfish.demo.pk/menu/025,2026-09-28T10:00:00Z,"Bashir Dar-ul-Mahi Lahori Fried Fish Fresh Rahu river fish marinated in carom seed and roasted chickpea batter crisp-fried in mustard oil rahu fish, chickpea flour, carom seeds, red chili, garlic, lemon juice, mustard oil Seafood Pakistani Spicy"
dish_026,Bundu Khan,Tandoori Roti,Traditional flatbread made from stone-ground whole wheat flour baked on clay tandoor walls,"whole wheat flour, water, salt",50.0,Gulberg,True,Unknown,"[""gluten""]",KNOWN_ALLERGENS,Bread,4.0,True,Pakistani,Bundu Khan Gulberg 2026,https://bundukhan.demo.pk/menu/026,2026-09-28T10:00:00Z,"Bundu Khan Tandoori Roti Traditional flatbread made from stone-ground whole wheat flour baked on clay tandoor walls whole wheat flour, water, salt Bread Pakistani Unknown"
dish_027,Bundu Khan,Roghani Naan,Soft pillowy refined flour bread enriched with milk yogurt and ghee topped with toasted sesame seeds,"wheat flour, cow milk, yogurt, ghee, sesame seeds, yeast, salt",120.0,Gulberg,True,Unknown,"[""dairy"", ""gluten""]",KNOWN_ALLERGENS,Bread,6.0,True,Pakistani,Bundu Khan Gulberg 2026,https://bundukhan.demo.pk/menu/027,2026-09-28T10:00:00Z,"Bundu Khan Roghani Naan Soft pillowy refined flour bread enriched with milk yogurt and ghee topped with toasted sesame seeds wheat flour, cow milk, yogurt, ghee, sesame seeds, yeast, salt Bread Pakistani Unknown"
dish_028,GymDiet PK,Plain Boiled Farm Eggs,Two hard-boiled farm fresh eggs served with crushed black pepper and sea salt,"farm chicken eggs, sea salt, black pepper",200.0,Gulberg,True,Unknown,"[""eggs""]",KNOWN_ALLERGENS,Chicken,13.0,True,Healthy,GymDiet PK Menu 2026,https://gymdiet.demo.pk/menu/028,2026-09-28T10:00:00Z,"GymDiet PK Plain Boiled Farm Eggs Two hard-boiled farm fresh eggs served with crushed black pepper and sea salt farm chicken eggs, sea salt, black pepper Chicken Healthy Unknown"
dish_029,FitMeal Kitchen,Keto Cauliflower Rice Chicken Bowl,Grated riced cauliflower stir-fried with diced grilled chicken breast bell peppers and cold-pressed olive oil,"cauliflower, chicken breast, olive oil, bell peppers, turmeric, black pepper, sea salt",1290.0,DHA,True,Mild,[],KNOWN_NO_ALLERGENS,Chicken,40.0,True,Healthy,FitMeal Kitchen Menu 2026,https://fitmeal.demo.pk/menu/029,2026-09-28T10:00:00Z,"FitMeal Kitchen Keto Cauliflower Rice Chicken Bowl Grated riced cauliflower stir-fried with diced grilled chicken breast bell peppers and cold-pressed olive oil cauliflower, chicken breast, olive oil, bell peppers, turmeric, black pepper, sea salt Chicken Healthy Mild"
dish_030,Waris Nihari,Daal Mash Special,Split white lentils cooked to perfection and garnished with pure desi butter ghee ginger and green chilies,"split urad lentils, desi ghee, ginger, green chilies, coriander, cumin, onion",600.0,Saddar,True,Spicy,"[""dairy""]",KNOWN_ALLERGENS,Vegetarian,14.0,True,Pakistani,Waris Nihari Saddar 2026,https://warisnihari.demo.pk/menu/030,2026-09-28T10:00:00Z,"Waris Nihari Daal Mash Special Split white lentils cooked to perfection and garnished with pure desi butter ghee ginger and green chilies split urad lentils, desi ghee, ginger, green chilies, coriander, cumin, onion Vegetarian Pakistani Spicy"
dish_031,Mei Kong Chinese,Chicken Corn Soup,Classic comfort soup with shredded chicken sweet yellow corn kernels and delicate whisked egg ribbons,"chicken broth, sweet corn, eggs, cornstarch, vinegar, soy sauce, black pepper",550.0,Rawalpindi,True,Mild,"[""eggs"", ""soy""]",KNOWN_ALLERGENS,Soup,16.0,True,Chinese,Mei Kong Menu 2026,https://meikong.demo.pk/menu/031,2026-09-28T10:00:00Z,"Mei Kong Chinese Chicken Corn Soup Classic comfort soup with shredded chicken sweet yellow corn kernels and delicate whisked egg ribbons chicken broth, sweet corn, eggs, cornstarch, vinegar, soy sauce, black pepper Soup Chinese Mild"
dish_032,Yum Chinese & Thai,Thai Red Prawn Curry,Succulent prawns simmered in fiery red coconut curry with lemongrass bamboo shoots and kaffir lime,"tiger prawns, coconut milk, red chili paste, bamboo shoots, lemongrass, fish sauce",2200.0,Gulberg,True,Spicy,"[""shellfish""]",KNOWN_ALLERGENS,Seafood,28.0,True,Thai,Yum Thai Menu 2026,https://yumthai.demo.pk/menu/032,2026-09-28T10:00:00Z,"Yum Chinese & Thai Thai Red Prawn Curry Succulent prawns simmered in fiery red coconut curry with lemongrass bamboo shoots and kaffir lime tiger prawns, coconut milk, red chili paste, bamboo shoots, lemongrass, fish sauce Seafood Thai Spicy"
dish_033,Karachi BBQ,Chefs Secret Karahi,Special house recipe chicken karahi with undisclosed house gravy mix,"chicken, tomatoes, ginger, green chili, house secret masala blend",1200.0,Saddar,True,Spicy,"[""conflict""]",CONFLICT,Chicken,30.0,True,Pakistani,Karachi BBQ Counter 2026; Allergen Alert Bulletin 2026,https://karachibbq.demo.pk/menu/033,2026-09-28T10:00:00Z,"Karachi BBQ Chefs Secret Karahi Special house recipe chicken karahi with undisclosed house gravy mix chicken, tomatoes, ginger, green chili, house secret masala blend Chicken Pakistani Spicy"
dish_034,Monal Express,Fresh Mint Lemonade,Chilled refreshing hand-squeezed lemon juice with fresh garden mint leaves and black salt,"fresh lemon juice, mint leaves, sugar, soda water, black salt, ice",350.0,Gulberg,True,Unknown,[],KNOWN_NO_ALLERGENS,Beverage,0.0,True,Pakistani,Monal Express Gulberg 2026,https://monal.demo.pk/menu/034,2026-09-28T10:00:00Z,"Monal Express Fresh Mint Lemonade Chilled refreshing hand-squeezed lemon juice with fresh garden mint leaves and black salt fresh lemon juice, mint leaves, sugar, soda water, black salt, ice Beverage Pakistani Unknown"
dish_035,Haveli Restaurant,Badami Kheer,Slow-simmered basmati rice pudding in rich whole milk infused with green cardamom and crushed almonds,"whole milk, basmati rice, sugar, almonds, cardamom, kewra essence",500.0,Gulberg,True,Unknown,"[""dairy"", ""tree nuts""]",KNOWN_ALLERGENS,Dessert,7.0,True,Pakistani,Haveli Restaurant Menu 2026,https://haveli.demo.pk/menu/035,2026-09-28T10:00:00Z,"Haveli Restaurant Badami Kheer Slow-simmered basmati rice pudding in rich whole milk infused with green cardamom and crushed almonds whole milk, basmati rice, sugar, almonds, cardamom, kewra essence Dessert Pakistani Unknown"
