id,restaurant_name,dish_name,description,ingredients,price_pkr,location,halal,spice_level,allergens,category,protein_g,availability,cuisine,source,source_url,timestamp
dish_001,Monal Express,Grilled Chicken Breast Bowl,Char-grilled chicken breast served with steamed brown rice and sauteed seasonal vegetables,"chicken breast, brown rice, olive oil, lemon, cumin, black pepper, seasonal vegetables",1150,Gulberg,True,Mild,[],Chicken,42,True,Pakistani,Monal Express Gulberg Menu 2026,https://monal.demo.pk/menu/001,2026-09-28T10:00:00Z
dish_002,Haveli Restaurant,Murgh Makhani Butter Chicken,Tender chicken cooked in a rich creamy tomato gravy with butter and cashew paste,"chicken, butter, dairy cream, tomatoes, cashew paste, fenugreek, ginger, garlic",1450,Gulberg,True,Medium,"[""dairy"", ""tree nuts""]",Chicken,32,True,Pakistani,Haveli Restaurant Menu 2026,https://haveli.demo.pk/menu/002,2026-09-28T10:00:00Z
dish_003,Shinwari Dera,Peshawari Chicken Karahi,Authentic Khyber style wok-cooked chicken with fresh tomatoes green chilies and black pepper,"chicken, fresh tomatoes, ginger, green chilies, black pepper, salt, animal fat",1350,Gulberg,True,Spicy,[],Chicken,38,True,Pakistani,Shinwari Dera Gulberg 2026,https://shinwari.demo.pk/menu/003,2026-09-28T10:00:00Z
dish_004,Pan Asian Cloud Kitchen,Chicken Satay Skewers,Flame grilled skewered chicken served with rich spicy peanut dipping sauce,"chicken breast, peanut sauce, roasted peanuts, soy sauce, garlic, sesame oil, chili",1200,Gulberg,True,Medium,"[""peanuts"", ""soy""]",Chicken,36,True,Pan Asian,Pan Asian Kitchen Menu 2026,https://panasian.demo.pk/menu/004,2026-09-28T10:00:00Z
dish_005,Salt & Pepper Village,Premium Wagyu Beef Steak,Thick cut tender beef steak seared in garlic herb butter with mashed potatoes,"wagyu beef, butter, garlic, rosemary, potatoes, black pepper",3200,Gulberg,True,Mild,"[""dairy""]",Beef,55,True,Continental,Salt & Pepper Menu 2026,https://snp.demo.pk/menu/005,2026-09-28T10:00:00Z
dish_006,Expat Club Bistro,Imported Pork Pepperoni Pizza,Traditional crust topped with Italian pork pepperoni and mozzarella cheese,"wheat dough, pork pepperoni, mozzarella cheese, tomato paste, olive oil, oregano",2400,DHA,False,Mild,"[""gluten"", ""dairy""]",Fast Food,28,True,Italian,Expat Club Menu 2026,https://expatbistro.demo.pk/menu/006,2026-09-28T10:00:00Z
dish_007,Karachi Bun Kabab Corner,Street Style Bun Kabab,Pan-fried spiced beef and lentil patty dipped in whipped egg foam in a toasted bun with mint chutney,"wheat bun, beef, split chickpeas, eggs, onions, mint chutney, chaat masala",350,Saddar,True,Spicy,"[""gluten"", ""eggs""]",Fast Food,14,True,Pakistani,Saddar Street Menu 2026,https://bunkabab.demo.pk/menu/007,2026-09-28T10:00:00Z
dish_008,Bundu Khan,Royal Shahi Tukra,Mughlai dessert of crisp ghee-fried bread soaked in cardamom saffron condensed milk with dry fruits,"wheat bread, condensed milk, ghee, sugar, almonds, pistachios, saffron, cardamom",650,Gulberg,True,None,"[""gluten"", ""dairy"", ""tree nuts""]",Dessert,6,True,Pakistani,Bundu Khan Sweets 2026,https://bundukhan.demo.pk/menu/008,2026-09-28T10:00:00Z
dish_009,Anarkali Dhaba,Mystery Special Daily Daal,Slow-cooked spiced yellow lentils tempered with red chilies and unverified oil,"yellow lentils, spices, turmeric, unverified oil, garlic, red chilies",400,Gulberg,True,Medium,"[""unknown""]",Vegetarian,12,True,Pakistani,Anarkali Dhaba Daily Board 2026,https://anarkali.demo.pk/menu/009,2026-09-28T10:00:00Z
dish_010,Café Zouk,Crispy Golden Prawns,Deep-fried jumbo Arabian sea prawns in seasoned breadcrumb coating served with tartar sauce,"jumbo prawns, wheat breadcrumbs, eggs, garlic powder, tartar sauce, vegetable oil",2100,DHA,True,Mild,"[""shellfish"", ""eggs"", ""gluten""]",Seafood,30,True,Continental,Café Zouk DHA Menu 2026,https://cafezouk.demo.pk/menu/010,2026-09-28T10:00:00Z
dish_011,Lal Qila,Grilled Jumbo Tiger Prawns,Marinated coastal prawns grilled over charcoal with crushed red pepper lemon and garlic,"tiger prawns, garlic, lemon, chili flakes, olive oil, sea salt",2450,Saddar,True,Medium,"[""shellfish""]",Seafood,34,True,Pakistani,Lal Qila Saddar Menu 2026,https://lalqila.demo.pk/menu/011,2026-09-28T10:00:00Z
dish_012,Student Biryani,Traditional Mutton Dum Biryani,Layered aromatic basmati rice and tender mutton cooked with yogurt saffron and traditional biryani masala,"basmati rice, mutton, yogurt, fried onions, whole spices, saffron, ghee",980,Saddar,True,Spicy,"[""dairy""]",Rice,28,True,Pakistani,Student Biryani Saddar 2026,https://studentbiryani.demo.pk/menu/012,2026-09-28T10:00:00Z
dish_013,Student Biryani,Plain Steamed Basmati Rice,Fluffy steamed long-grain Pakistani basmati rice without additives or dairy,"long-grain basmati rice, water, sea salt, vegetable oil",300,Saddar,True,None,[],Rice,5,True,Pakistani,Student Biryani Saddar 2026,https://studentbiryani.demo.pk/menu/013,2026-09-28T10:00:00Z
dish_014,Bundu Khan,Chicken Tikka Boti,Charcoal-grilled boneless chicken marinated in lemon juice red chili vinegar and crushed garlic,"boneless chicken, lemon juice, red chili, garlic, ginger, vinegar, vegetable oil",850,Gulberg,True,Spicy,[],BBQ,35,True,Pakistani,Bundu Khan Gulberg 2026,https://bundukhan.demo.pk/menu/014,2026-09-28T10:00:00Z
dish_015,Bhaiya Kabab,Seekh Kabab Beef,Tender smoked skewers of minced beef spiced with coriander green chilies and raw papaya,"minced beef, onions, coriander, green chilies, papaya paste, cumin, cloves, vegetable oil",950,DHA,True,Medium,[],BBQ,32,True,Pakistani,Bhaiya Kabab DHA 2026,https://bhaiyakabab.demo.pk/menu/015,2026-09-28T10:00:00Z
dish_016,Bundu Khan,Chicken Malai Boti,Melt-in-mouth succulent chicken chunks marinated in thick heavy dairy cream yogurt and white pepper,"chicken thigh cubes, heavy dairy cream, yogurt, white pepper, green cardamoms, garlic",990,Gulberg,True,Mild,"[""dairy""]",BBQ,34,True,Pakistani,Bundu Khan Gulberg 2026,https://bundukhan.demo.pk/menu/016,2026-09-28T10:00:00Z
dish_017,GymDiet PK,High-Protein Roasted Chicken Quarters,Skinless bone-in roasted chicken leg quarters seasoned purely with lemon sea salt and wild oregano,"skinless chicken leg quarters, lemon, sea salt, oregano, black pepper, olive oil",950,Gulberg,True,Mild,[],Chicken,46,True,Pakistani,GymDiet PK Menu 2026,https://gymdiet.demo.pk/menu/017,2026-09-28T10:00:00Z
dish_018,Village Dhaba,Traditional Palak Paneer,Creamy spinach gravy simmered with fresh cottage cheese paneer cubes and whole roasted cumin,"fresh spinach, paneer cheese, dairy cream, cumin, garlic, green chilies, butter",890,F-7,True,Medium,"[""dairy""]",Vegetarian,18,True,Pakistani,Village Dhaba F-7 2026,https://villagedhaba.demo.pk/menu/018,2026-09-28T10:00:00Z
dish_019,Village Dhaba,Aloo Palak Vegan,Freshly chopped spinach cooked tenderly with baby potatoes mustard oil cumin and minced garlic,"spinach, potatoes, mustard oil, cumin, garlic, green chilies, turmeric",650,F-7,True,Medium,[],Vegetarian,7,True,Pakistani,Village Dhaba F-7 2026,https://villagedhaba.demo.pk/menu/019,2026-09-28T10:00:00Z
dish_020,K-Bites Wings,Soy Garlic Glazed Wings,Crispy fried chicken wings tossed in an authentic sticky Korean soy sauce garlic and honey glaze,"chicken wings, soy sauce, garlic, honey, sesame seeds, cornstarch, vegetable oil",1100,F-7,True,Medium,"[""soy""]",Fast Food,26,True,Asian,K-Bites Wings F-7 2026,https://kbites.demo.pk/menu/020,2026-09-28T10:00:00Z
dish_021,Johnny & Jugnu,Gourmet Smash Beef Burger,Double smashed beef patties with melted cheddar cheese pickles and signature mustard mayo sauce in a brioche bun,"beef chuck, brioche bun, cheddar cheese, eggs, mustard, mayonnaise, pickles",1050,Johar Town,True,Medium,"[""gluten"", ""dairy"", ""eggs""]",Fast Food,31,True,Fast Food,Johnny & Jugnu Menu 2026,https://johnnyjugnu.demo.pk/menu/021,2026-09-28T10:00:00Z
dish_022,Johnny & Jugnu,Naked Smash Beef Burger Lettuce Wrap,Double smashed pure beef patties wrapped cleanly in crisp iceberg lettuce with grilled onions and mustard,"100% pure beef chuck patties, iceberg lettuce, grilled onions, tomato slices, yellow mustard",990,Johar Town,True,Medium,[],Beef,35,True,Healthy,Johnny & Jugnu Menu 2026,https://johnnyjugnu.demo.pk/menu/022,2026-09-28T10:00:00Z
dish_023,Sultan Turkish Bakers,Nutty Baklava Delight,Crispy layered paper-thin filo pastry layered with crushed pistachios and walnuts drizzled with sugar butter syrup,"filo dough, pistachios, walnuts, butter, sugar syrup, lemon",850,DHA,True,None,"[""gluten"", ""tree nuts"", ""dairy""]",Dessert,8,True,Middle Eastern,Sultan Turkish Bakers 2026,https://sultan.demo.pk/menu/023,2026-09-28T10:00:00Z
dish_024,Food Street Canteen,Chana Chaat Street Bowl,Zesty boiled chickpeas mixed with boiled potatoes diced onions tomatoes tamarind pulp and chaat masala,"chickpeas, potatoes, onions, tomatoes, tamarind pulp, green chilies, cumin, chaat masala",350,Saddar,True,Spicy,[],Vegetarian,11,True,Pakistani,Food Street Saddar 2026,https://foodstreet.demo.pk/menu/024,2026-09-28T10:00:00Z
dish_025,Bashir Dar-ul-Mahi,Lahori Fried Fish,Fresh Rahu river fish marinated in carom seed and roasted chickpea batter crisp-fried in mustard oil,"rahu fish, chickpea flour, carom seeds, red chili, garlic, lemon juice, mustard oil",1400,Gulberg,True,Spicy,[],Seafood,32,True,Pakistani,Bashir Dar-ul-Mahi Gulberg 2026,https://bashirfish.demo.pk/menu/025,2026-09-28T10:00:00Z
dish_026,Bundu Khan,Tandoori Roti,Traditional flatbread made from stone-ground whole wheat flour baked on clay tandoor walls,"whole wheat flour, water, salt",50,Gulberg,True,None,"[""gluten""]",Bread,4,True,Pakistani,Bundu Khan Gulberg 2026,https://bundukhan.demo.pk/menu/026,2026-09-28T10:00:00Z
dish_027,Bundu Khan,Roghani Naan,Soft pillowy refined flour bread enriched with milk yogurt and ghee topped with toasted sesame seeds,"wheat flour, cow milk, yogurt, ghee, sesame seeds, yeast, salt",120,Gulberg,True,None,"[""gluten"", ""dairy""]",Bread,6,True,Pakistani,Bundu Khan Gulberg 2026,https://bundukhan.demo.pk/menu/027,2026-09-28T10:00:00Z
dish_028,GymDiet PK,Plain Boiled Farm Eggs,Two hard-boiled farm fresh eggs served with crushed black pepper and sea salt,"farm chicken eggs, sea salt, black pepper",200,Gulberg,True,None,"[""eggs""]",Chicken,13,True,Healthy,GymDiet PK Menu 2026,https://gymdiet.demo.pk/menu/028,2026-09-28T10:00:00Z
dish_029,FitMeal Kitchen,Keto Cauliflower Rice Chicken Bowl,Grated riced cauliflower stir-fried with diced grilled chicken breast bell peppers and cold-pressed olive oil,"cauliflower, chicken breast, olive oil, bell peppers, turmeric, black pepper, sea salt",1290,DHA,True,Mild,[],Chicken,40,True,Healthy,FitMeal Kitchen Menu 2026,https://fitmeal.demo.pk/menu/029,2026-09-28T10:00:00Z
dish_030,Waris Nihari,Daal Mash Special,Split white lentils cooked to perfection and garnished with pure desi butter ghee ginger and green chilies,"split urad lentils, desi ghee, ginger, green chilies, coriander, cumin, onion",600,Saddar,True,Spicy,"[""dairy""]",Vegetarian,14,True,Pakistani,Waris Nihari Saddar 2026,https://warisnihari.demo.pk/menu/030,2026-09-28T10:00:00Z
dish_031,Mei Kong Chinese,Chicken Corn Soup,Classic comfort soup with shredded chicken sweet yellow corn kernels and delicate whisked egg ribbons,"chicken broth, sweet corn, eggs, cornstarch, vinegar, soy sauce, black pepper",550,Rawalpindi,True,Mild,"[""eggs"", ""soy""]",Soup,16,True,Chinese,Mei Kong Menu 2026,https://meikong.demo.pk/menu/031,2026-09-28T10:00:00Z
dish_032,Yum Chinese & Thai,Thai Red Prawn Curry,Succulent prawns simmered in fiery red coconut curry with lemongrass bamboo shoots and kaffir lime,"tiger prawns, coconut milk, red chili paste, bamboo shoots, lemongrass, fish sauce",2200,Gulberg,True,Spicy,"[""shellfish""]",Seafood,28,True,Thai,Yum Thai Menu 2026,https://yumthai.demo.pk/menu/032,2026-09-28T10:00:00Z
dish_033,Karachi BBQ,Chefs Secret Karahi,Special house recipe chicken karahi with undisclosed house gravy mix,"chicken, tomatoes, ginger, green chili, house secret masala blend",1200,Saddar,True,Spicy,"[""conflict""]",Chicken,30,True,Pakistani,Karachi BBQ Counter 2026; Allergen Alert Bulletin 2026,https://karachibbq.demo.pk/menu/033,2026-09-28T10:00:00Z
dish_034,Monal Express,Fresh Mint Lemonade,Chilled refreshing hand-squeezed lemon juice with fresh garden mint leaves and black salt,"fresh lemon juice, mint leaves, sugar, soda water, black salt, ice",350,Gulberg,True,None,[],Beverage,0,True,Pakistani,Monal Express Gulberg 2026,https://monal.demo.pk/menu/034,2026-09-28T10:00:00Z
dish_035,Haveli Restaurant,Badami Kheer,Slow-simmered basmati rice pudding in rich whole milk infused with green cardamom and crushed almonds,"whole milk, basmati rice, sugar, almonds, cardamom, kewra essence",500,Gulberg,True,None,"[""dairy"", ""tree nuts""]",Dessert,7,True,Pakistani,Haveli Restaurant Menu 2026,https://haveli.demo.pk/menu/035,2026-09-28T10:00:00Z
